,Variance,Skewness,Curtosis,Entropy,Class
0,3.6216,8.6661,-2.8073,-0.44699,0
1,4.5459,8.1674,-2.4586,-1.4621,0
2,3.866,-2.6383,1.9242,0.10645,0
3,3.4566,9.5228,-4.0112,-3.5944,0
4,0.38924,-4.4552,4.5718,-0.9888,0
